epoch,time,train/box_loss,train/cls_loss,train/dfl_loss,metrics/precision(B),metrics/recall(B),metrics/mAP50(B),metrics/mAP50-95(B),val/box_loss,val/cls_loss,val/dfl_loss,lr/pg0,lr/pg1,lr/pg2
1,8.69396,3.6941,4.86525,4.24167,0.00023,0.06034,0.00017,5e-05,4.03843,3.75712,4.11023,0.0707143,0.00325397,0.00325397
2,13.747,3.57236,4.48151,4.16486,0.00027,0.06897,0.00021,6e-05,3.90726,3.80459,4.03688,0.0407034,0.00657643,0.00657643
3,18.6613,3.50161,4.30971,4.10198,0.00062,0.15517,0.00047,0.0001,3.78743,3.81612,4.02957,0.0106815,0.0098879,0.0098879
4,23.5501,3.41529,4.22203,4.00823,0.00053,0.16954,0.00039,7e-05,3.78148,26.7976,5.16206,0.0099505,0.0099505,0.0099505
5,28.6143,3.2426,4.05113,3.80661,0.00215,0.14368,0.00182,0.00044,nan,nan,nan,0.009934,0.009934,0.009934
6,33.4615,3.05713,3.7985,3.59913,0.5564,0.07184,0.01694,0.00292,3.17086,4.76564,5.99027,0.0099175,0.0099175,0.0099175
7,38.333,2.9017,3.56656,3.40938,0.55152,0.05172,0.01199,0.00215,2.9741,5.36542,4.31354,0.009901,0.009901,0.009901
8,43.2342,2.77654,3.34679,3.25122,0.54907,0.12069,0.03305,0.00708,2.53119,10.1482,2.9092,0.0098845,0.0098845,0.0098845
9,48.1018,2.74163,3.20911,3.15997,0.04356,0.23019,0.01511,0.00398,2.72437,4.91324,3.58736,0.009868,0.009868,0.009868
10,52.9659,2.67758,3.05234,3.07677,0.33231,0.34126,0.20349,0.07432,2.36591,8.71587,2.90166,0.0098515,0.0098515,0.0098515
11,57.7909,2.60713,3.00343,3.00077,0.48008,0.26921,0.25085,0.09252,2.29773,3.38923,2.70971,0.009835,0.009835,0.009835
12,62.6371,2.57111,2.86264,2.95715,0.55384,0.44788,0.45322,0.17642,2.22907,3.54944,2.73569,0.0098185,0.0098185,0.0098185
13,67.4754,2.47556,2.7996,2.85894,0.64105,0.4755,0.53541,0.23494,2.11307,3.17572,2.59742,0.009802,0.009802,0.009802
14,72.2859,2.45221,2.74411,2.82138,0.48156,0.39957,0.41036,0.1631,2.17801,2.60596,2.62461,0.0097855,0.0097855,0.0097855
15,77.1346,2.39005,2.69642,2.77358,0.594,0.42498,0.409,0.18941,2.17125,2.72784,2.63663,0.009769,0.009769,0.009769
16,82.0341,2.31908,2.52584,2.69875,0.77703,0.58772,0.6517,0.27601,1.95423,2.80423,2.45741,0.0097525,0.0097525,0.0097525
17,86.84,2.20923,2.46351,2.58403,0.79358,0.49121,0.6334,0.2994,1.93543,1.89249,2.43535,0.009736,0.009736,0.009736
18,91.6686,2.12868,2.33732,2.43753,0.71832,0.55797,0.63096,0.29661,1.87491,2.35608,2.34643,0.0097195,0.0097195,0.0097195
19,96.53,2.06166,2.28647,2.3568,0.78463,0.59604,0.68168,0.34077,1.75572,1.90346,2.2151,0.009703,0.009703,0.009703
20,101.365,2.00185,2.09408,2.2673,0.65008,0.65417,0.6498,0.2967,1.89199,1.76707,2.35632,0.0096865,0.0096865,0.0096865
21,106.152,1.98843,2.05856,2.21346,0.64298,0.46356,0.53828,0.24263,1.90353,1.97269,2.28189,0.00967,0.00967,0.00967
22,110.974,1.91675,1.98523,2.12135,0.65798,0.47565,0.52901,0.23157,1.94565,1.77796,2.37808,0.0096535,0.0096535,0.0096535
23,115.787,1.87957,1.92356,2.11718,0.67062,0.68195,0.70733,0.35523,1.67676,1.45482,2.0914,0.009637,0.009637,0.009637
24,120.595,1.86024,1.84158,2.0528,0.80814,0.65033,0.736,0.35183,1.67945,1.48305,2.09782,0.0096205,0.0096205,0.0096205
25,125.384,1.85386,1.86127,2.05161,0.8427,0.67037,0.77875,0.40694,1.65517,1.39248,2.07314,0.009604,0.009604,0.009604
26,130.18,1.84377,1.81949,2.0342,0.79463,0.63972,0.721,0.3602,1.64896,1.36972,2.05232,0.0095875,0.0095875,0.0095875
27,135.041,1.78978,1.70484,1.96738,0.91891,0.66268,0.76984,0.39661,1.66759,1.50715,2.08328,0.009571,0.009571,0.009571
28,139.83,1.78066,1.67626,1.9227,0.79818,0.6116,0.69357,0.35875,1.79181,1.50127,2.18664,0.0095545,0.0095545,0.0095545
29,144.661,1.74264,1.64363,1.89175,0.87114,0.74456,0.82521,0.46208,1.60866,1.32239,1.93842,0.009538,0.009538,0.009538
30,149.471,1.74854,1.59404,1.89393,0.89267,0.73367,0.81302,0.45116,1.5846,1.24591,1.88894,0.0095215,0.0095215,0.0095215
31,154.331,1.74589,1.63475,1.86188,0.89728,0.71476,0.81225,0.45061,1.60744,1.23163,1.90221,0.009505,0.009505,0.009505
32,159.148,1.71005,1.53996,1.86047,0.84517,0.71152,0.78212,0.44482,1.55416,1.25202,1.85547,0.0094885,0.0094885,0.0094885
33,163.934,1.68876,1.52161,1.83387,0.90887,0.72944,0.82845,0.45406,1.62241,1.12273,1.88701,0.009472,0.009472,0.009472
34,168.742,1.63814,1.48143,1.78325,0.86701,0.72057,0.81245,0.44403,1.60831,1.12515,1.89109,0.0094555,0.0094555,0.0094555
35,173.543,1.63784,1.47987,1.78456,0.92718,0.72973,0.83324,0.47605,1.62509,1.18283,1.93442,0.009439,0.009439,0.009439
36,178.367,1.65522,1.49389,1.78058,0.91298,0.71855,0.83274,0.47752,1.49609,1.168,1.7928,0.0094225,0.0094225,0.0094225
37,183.192,1.60411,1.43953,1.736,0.88488,0.79658,0.84804,0.48373,1.55593,1.13678,1.80987,0.009406,0.009406,0.009406
38,188.024,1.62853,1.3791,1.75135,0.90642,0.781,0.85178,0.48959,1.53994,1.09878,1.79851,0.0093895,0.0093895,0.0093895
39,192.865,1.58907,1.3822,1.71739,0.8569,0.77462,0.83642,0.47224,1.50739,1.18812,1.78917,0.009373,0.009373,0.009373
40,197.664,1.58191,1.37359,1.70808,0.82519,0.75561,0.83506,0.45442,1.52353,1.23255,1.81547,0.0093565,0.0093565,0.0093565
41,202.474,1.57426,1.35298,1.69318,0.90588,0.7178,0.82538,0.46862,1.50645,1.08971,1.7959,0.00934,0.00934,0.00934
42,207.274,1.55895,1.34434,1.67132,0.90026,0.78921,0.87097,0.49327,1.47548,0.99191,1.80393,0.0093235,0.0093235,0.0093235
43,212.139,1.54611,1.29908,1.68115,0.92772,0.75929,0.8655,0.4778,1.49935,1.07882,1.78825,0.009307,0.009307,0.009307
44,216.901,1.55602,1.3416,1.68217,0.88776,0.76875,0.84527,0.46866,1.55213,1.04387,1.79699,0.0092905,0.0092905,0.0092905
45,221.71,1.53413,1.28207,1.66154,0.94593,0.76796,0.86646,0.50117,1.47552,1.0465,1.77296,0.009274,0.009274,0.009274
46,226.504,1.52864,1.26595,1.65247,0.86958,0.74138,0.84591,0.48491,1.48236,1.04976,1.75714,0.0092575,0.0092575,0.0092575
47,231.337,1.53517,1.25982,1.65167,0.92981,0.75892,0.86168,0.47521,1.54835,1.08566,1.7899,0.009241,0.009241,0.009241
48,236.12,1.52347,1.25741,1.652,0.95248,0.79071,0.87591,0.53317,1.46111,0.96611,1.71641,0.0092245,0.0092245,0.0092245
49,240.976,1.48699,1.23844,1.60062,0.9241,0.81506,0.88481,0.53521,1.42683,1.04597,1.68618,0.009208,0.009208,0.009208
50,245.787,1.49271,1.25154,1.61033,0.89546,0.81382,0.86604,0.50921,1.46071,0.93278,1.72444,0.0091915,0.0091915,0.0091915
51,250.594,1.47969,1.18365,1.58453,0.91201,0.81382,0.87842,0.48923,1.53213,1.05725,1.78291,0.009175,0.009175,0.009175
52,255.379,1.45735,1.15409,1.56338,0.97963,0.80731,0.89616,0.52442,1.44886,0.94638,1.722,0.0091585,0.0091585,0.0091585
53,260.189,1.4901,1.22541,1.60958,0.94403,0.81041,0.87602,0.52309,1.39561,1.01119,1.69168,0.009142,0.009142,0.009142
54,264.975,1.41428,1.14151,1.55199,0.89649,0.8052,0.87952,0.49017,1.46681,0.94099,1.73285,0.0091255,0.0091255,0.0091255
55,269.754,1.46253,1.16451,1.56909,0.94764,0.81972,0.8995,0.50967,1.44427,0.8719,1.73044,0.009109,0.009109,0.009109
56,274.596,1.4449,1.16124,1.5675,0.92428,0.83782,0.90905,0.55694,1.40487,0.91965,1.67557,0.0090925,0.0090925,0.0090925
57,279.426,1.42599,1.15738,1.55665,0.9381,0.81315,0.90387,0.53291,1.42819,0.84895,1.68965,0.009076,0.009076,0.009076
58,284.188,1.44419,1.16055,1.56435,0.95762,0.85768,0.91438,0.5372,1.40009,0.85816,1.66996,0.0090595,0.0090595,0.0090595
59,288.966,1.42626,1.16152,1.54556,0.95628,0.82797,0.91257,0.53742,1.40409,0.82266,1.67073,0.009043,0.009043,0.009043
60,293.748,1.40472,1.11337,1.53695,0.9152,0.80126,0.86771,0.50609,1.44713,0.89262,1.72376,0.0090265,0.0090265,0.0090265
61,298.524,1.41733,1.12837,1.5181,0.93713,0.83112,0.89821,0.5321,1.35647,0.89115,1.63145,0.00901,0.00901,0.00901
62,303.33,1.40528,1.11195,1.5463,0.95468,0.8081,0.91235,0.54008,1.39962,0.85213,1.71256,0.0089935,0.0089935,0.0089935
63,308.115,1.41895,1.12758,1.55297,0.91862,0.86343,0.91316,0.51926,1.40498,0.87537,1.65676,0.008977,0.008977,0.008977
64,312.914,1.39209,1.13064,1.54265,0.94825,0.8379,0.91309,0.54116,1.36478,0.84861,1.64717,0.0089605,0.0089605,0.0089605
65,317.71,1.42512,1.0912,1.53125,0.94421,0.84619,0.90922,0.52861,1.50794,0.86537,1.75087,0.008944,0.008944,0.008944
66,322.476,1.39071,1.06837,1.5162,0.9278,0.84301,0.90682,0.54845,1.41302,0.84247,1.6884,0.0089275,0.0089275,0.0089275
67,327.261,1.35592,1.05094,1.50346,0.95882,0.83727,0.89709,0.51769,1.43631,0.84878,1.67241,0.008911,0.008911,0.008911
68,332.075,1.38831,1.06329,1.5034,0.94338,0.83661,0.90466,0.5449,1.36033,0.83128,1.61389,0.0088945,0.0088945,0.0088945
69,336.879,1.3576,1.04895,1.50223,0.9374,0.85219,0.90833,0.56841,1.35114,0.78793,1.59963,0.008878,0.008878,0.008878
70,341.666,1.34037,1.04538,1.49159,0.97278,0.82238,0.91628,0.57152,1.3336,0.78157,1.59633,0.0088615,0.0088615,0.0088615
71,346.454,1.33871,1.02158,1.47985,0.93624,0.84131,0.92641,0.56082,1.36417,0.7895,1.6228,0.008845,0.008845,0.008845
72,351.343,1.35001,1.03103,1.48671,0.94401,0.83848,0.92106,0.55267,1.32592,0.81637,1.6024,0.0088285,0.0088285,0.0088285
73,356.185,1.35262,1.02851,1.48563,0.92242,0.85364,0.91333,0.56515,1.3503,0.78147,1.59965,0.008812,0.008812,0.008812
74,361.003,1.32256,0.99563,1.45862,0.91987,0.84071,0.90376,0.52696,1.42729,0.79949,1.67459,0.0087955,0.0087955,0.0087955
75,365.88,1.30757,0.95989,1.44615,0.89759,0.83495,0.91591,0.53962,1.45996,0.83138,1.74784,0.008779,0.008779,0.008779
76,370.728,1.31081,0.98394,1.45739,0.89675,0.85768,0.91287,0.57281,1.30894,0.78229,1.5827,0.0087625,0.0087625,0.0087625
77,375.564,1.31503,0.97168,1.47132,0.93831,0.84856,0.90225,0.54534,1.34429,0.80601,1.60913,0.008746,0.008746,0.008746
78,380.416,1.31348,0.97811,1.45225,0.94398,0.84774,0.90564,0.54427,1.34263,0.8215,1.60805,0.0087295,0.0087295,0.0087295
79,385.258,1.3078,0.99113,1.45578,0.95415,0.84481,0.92194,0.56843,1.30712,0.75058,1.56778,0.008713,0.008713,0.008713
80,390.101,1.30271,0.99303,1.4401,0.9809,0.81946,0.91076,0.54564,1.39846,0.82793,1.63668,0.0086965,0.0086965,0.0086965
81,394.893,1.32683,0.95978,1.46599,0.92277,0.85614,0.91677,0.53441,1.35144,0.79241,1.63177,0.00868,0.00868,0.00868
82,399.68,1.30965,1.02036,1.45088,0.89903,0.85215,0.91888,0.5561,1.36936,0.76605,1.6537,0.0086635,0.0086635,0.0086635
83,404.48,1.28677,0.94376,1.43648,0.96775,0.86328,0.92964,0.55978,1.33147,0.75288,1.61126,0.008647,0.008647,0.008647
84,409.303,1.2786,0.94689,1.42714,0.92087,0.87205,0.92916,0.57959,1.32539,0.75754,1.58592,0.0086305,0.0086305,0.0086305
85,414.108,1.3019,0.95808,1.45985,0.93274,0.86948,0.92461,0.56874,1.31989,0.79301,1.58437,0.008614,0.008614,0.008614
86,418.918,1.30367,0.9466,1.4404,0.92382,0.88975,0.92698,0.58633,1.25146,0.73816,1.53403,0.0085975,0.0085975,0.0085975
87,423.732,1.29008,0.91169,1.44804,0.9243,0.89822,0.93485,0.57861,1.27673,0.7537,1.55434,0.008581,0.008581,0.008581
88,428.503,1.28029,0.90374,1.41638,0.91116,0.8749,0.92662,0.58234,1.28121,0.73615,1.56449,0.0085645,0.0085645,0.0085645
89,433.275,1.26505,0.91433,1.42929,0.93063,0.87759,0.93721,0.58126,1.30967,0.75841,1.55729,0.008548,0.008548,0.008548
90,438.06,1.28195,0.90103,1.43062,0.96232,0.88936,0.94744,0.56819,1.3359,0.747,1.59032,0.0085315,0.0085315,0.0085315
91,442.841,1.26541,0.91529,1.41721,0.98281,0.8599,0.93681,0.57921,1.30731,0.74392,1.58389,0.008515,0.008515,0.008515
92,447.628,1.25757,0.91682,1.40919,0.93374,0.86225,0.92977,0.56837,1.30748,0.73635,1.58053,0.0084985,0.0084985,0.0084985
93,452.462,1.27642,0.92317,1.41378,0.94144,0.89742,0.93399,0.59831,1.29459,0.70575,1.56206,0.008482,0.008482,0.008482
94,457.269,1.25513,0.8957,1.38712,0.91931,0.89805,0.93248,0.57632,1.29372,0.72839,1.56365,0.0084655,0.0084655,0.0084655
95,462.044,1.27189,0.90877,1.42483,0.91609,0.89247,0.92609,0.57522,1.29535,0.76162,1.54366,0.008449,0.008449,0.008449
96,466.843,1.27035,0.91409,1.4266,0.96109,0.8609,0.93388,0.57614,1.28947,0.75211,1.57143,0.0084325,0.0084325,0.0084325
97,471.659,1.25439,0.90425,1.3965,0.95392,0.86918,0.93454,0.58625,1.3087,0.71249,1.57942,0.008416,0.008416,0.008416
98,476.475,1.24553,0.86813,1.38093,0.9153,0.89174,0.93183,0.58463,1.27568,0.72415,1.53983,0.0083995,0.0083995,0.0083995
99,481.285,1.21607,0.86762,1.3869,0.92268,0.84982,0.91944,0.5909,1.28171,0.7611,1.54787,0.008383,0.008383,0.008383
100,486.057,1.22159,0.87893,1.38129,0.93386,0.89262,0.93097,0.59828,1.28561,0.69887,1.54822,0.0083665,0.0083665,0.0083665
101,490.907,1.21295,0.86559,1.38035,0.8896,0.90126,0.9283,0.59152,1.29117,0.72212,1.57016,0.00835,0.00835,0.00835
102,495.722,1.2519,0.87395,1.39086,0.96142,0.87492,0.9369,0.589,1.30058,0.70963,1.54908,0.0083335,0.0083335,0.0083335
103,500.538,1.21847,0.87306,1.36818,0.9165,0.87255,0.92941,0.5916,1.25948,0.70932,1.52676,0.008317,0.008317,0.008317
104,505.372,1.22211,0.84755,1.36723,0.89215,0.89266,0.9303,0.59038,1.28244,0.70998,1.53208,0.0083005,0.0083005,0.0083005
105,510.216,1.22586,0.86831,1.36982,0.92959,0.87508,0.9211,0.57189,1.29745,0.70823,1.54083,0.008284,0.008284,0.008284
106,515.011,1.19319,0.86074,1.37697,0.9598,0.91065,0.94016,0.5998,1.23932,0.67975,1.49498,0.0082675,0.0082675,0.0082675
107,519.848,1.2099,0.83881,1.36693,0.97335,0.85421,0.93192,0.6004,1.23971,0.71195,1.505,0.008251,0.008251,0.008251
108,524.651,1.20357,0.85466,1.38002,0.95574,0.86763,0.92882,0.59052,1.27671,0.69446,1.54865,0.0082345,0.0082345,0.0082345
109,529.483,1.18523,0.84331,1.3521,0.93562,0.88069,0.93453,0.60213,1.27037,0.69151,1.52423,0.008218,0.008218,0.008218
110,534.265,1.20254,0.83097,1.36716,0.94779,0.87492,0.94187,0.59624,1.26463,0.70429,1.53444,0.0082015,0.0082015,0.0082015
111,539.084,1.21939,0.85644,1.36442,0.96217,0.86837,0.93749,0.60589,1.23258,0.71954,1.51723,0.008185,0.008185,0.008185
112,543.905,1.15299,0.78041,1.31057,0.9053,0.91132,0.93779,0.59915,1.27805,0.70919,1.55367,0.0081685,0.0081685,0.0081685
113,548.694,1.20117,0.82849,1.36637,0.95614,0.90426,0.94378,0.59559,1.31895,0.69829,1.59527,0.008152,0.008152,0.008152
114,553.516,1.17957,0.82834,1.34286,0.97398,0.8759,0.93283,0.60372,1.26438,0.68158,1.5261,0.0081355,0.0081355,0.0081355
115,558.322,1.18571,0.82735,1.3412,0.95244,0.88344,0.93829,0.58863,1.25556,0.66454,1.52522,0.008119,0.008119,0.008119
116,563.138,1.17041,0.83218,1.33125,0.95269,0.87795,0.93627,0.60284,1.24618,0.69993,1.52329,0.0081025,0.0081025,0.0081025
117,567.969,1.19571,0.84807,1.34486,0.93659,0.86933,0.93228,0.58938,1.26088,0.68382,1.5257,0.008086,0.008086,0.008086
118,572.735,1.1946,0.82976,1.35702,0.94328,0.87492,0.91892,0.58258,1.26745,0.70552,1.53941,0.0080695,0.0080695,0.0080695
119,577.558,1.17734,0.83407,1.35621,0.94127,0.88082,0.93645,0.60427,1.24518,0.68708,1.51979,0.008053,0.008053,0.008053
120,582.323,1.18186,0.81771,1.35304,0.95372,0.89247,0.94073,0.62051,1.22706,0.688,1.50792,0.0080365,0.0080365,0.0080365
121,587.141,1.15943,0.80129,1.31865,0.91752,0.8712,0.92711,0.58799,1.29308,0.70487,1.56648,0.00802,0.00802,0.00802
122,591.965,1.16123,0.80542,1.32991,0.97652,0.89195,0.94352,0.60148,1.2515,0.65316,1.5123,0.0080035,0.0080035,0.0080035
123,596.76,1.15945,0.77978,1.30874,0.99078,0.87728,0.93959,0.61147,1.22543,0.66946,1.49371,0.007987,0.007987,0.007987
124,601.571,1.168,0.81487,1.34313,0.91853,0.86898,0.93952,0.60334,1.27554,0.70375,1.52937,0.0079705,0.0079705,0.0079705
125,606.393,1.16791,0.79939,1.32629,0.95266,0.86615,0.93463,0.57692,1.2739,0.71038,1.55216,0.007954,0.007954,0.007954
126,611.205,1.16245,0.79891,1.33088,0.93644,0.87434,0.93706,0.59991,1.25362,0.67612,1.53555,0.0079375,0.0079375,0.0079375
127,616.029,1.17836,0.78601,1.31994,0.93327,0.86328,0.93965,0.6092,1.23975,0.65712,1.53167,0.007921,0.007921,0.007921
128,620.837,1.15825,0.81046,1.34147,0.92667,0.88432,0.9417,0.60954,1.23611,0.67484,1.50789,0.0079045,0.0079045,0.0079045
129,625.663,1.12514,0.78016,1.30303,0.95143,0.89577,0.94048,0.60793,1.22803,0.67281,1.52225,0.007888,0.007888,0.007888
130,630.454,1.15924,0.78694,1.32179,0.9702,0.90836,0.94113,0.60569,1.23973,0.68011,1.48907,0.0078715,0.0078715,0.0078715
131,635.281,1.14212,0.79031,1.3166,0.96063,0.89499,0.93924,0.60825,1.25055,0.64424,1.50507,0.007855,0.007855,0.007855
132,640.102,1.1111,0.76919,1.30885,0.95985,0.89519,0.93964,0.59053,1.26147,0.65794,1.54116,0.0078385,0.0078385,0.0078385
133,644.915,1.12647,0.76312,1.29965,0.95785,0.90551,0.94355,0.62368,1.22212,0.63924,1.49131,0.007822,0.007822,0.007822
134,649.702,1.1075,0.7574,1.29134,0.9329,0.884,0.94396,0.62726,1.20689,0.66389,1.48387,0.0078055,0.0078055,0.0078055
135,654.523,1.15659,0.7963,1.31052,0.93783,0.84935,0.93167,0.60619,1.21888,0.65077,1.49695,0.007789,0.007789,0.007789
136,659.328,1.12717,0.77457,1.32066,0.941,0.86948,0.93576,0.60702,1.21505,0.66893,1.47109,0.0077725,0.0077725,0.0077725
137,664.173,1.08073,0.73034,1.26512,0.94127,0.91273,0.95178,0.6249,1.18632,0.63116,1.48411,0.007756,0.007756,0.007756
138,668.964,1.10417,0.7589,1.28994,0.99387,0.89177,0.95162,0.62743,1.22166,0.66144,1.51554,0.0077395,0.0077395,0.0077395
139,673.83,1.10213,0.74854,1.27287,0.96036,0.88833,0.95049,0.6188,1.24436,0.69467,1.51922,0.007723,0.007723,0.007723
140,678.625,1.11891,0.76943,1.29944,0.93179,0.89982,0.94437,0.60897,1.25851,0.67478,1.52667,0.0077065,0.0077065,0.0077065
141,683.423,1.08386,0.73231,1.2728,0.9582,0.89822,0.95216,0.61204,1.28409,0.6742,1.54112,0.00769,0.00769,0.00769
142,688.244,1.0903,0.73759,1.24842,0.96291,0.91384,0.94705,0.61533,1.26274,0.66176,1.52697,0.0076735,0.0076735,0.0076735
143,693.09,1.08935,0.74856,1.27832,0.95222,0.88241,0.94119,0.62769,1.21558,0.6509,1.49672,0.007657,0.007657,0.007657
144,697.931,1.08987,0.75286,1.27655,0.93376,0.90283,0.94632,0.63859,1.17259,0.6332,1.44428,0.0076405,0.0076405,0.0076405
145,702.762,1.11098,0.7835,1.29097,0.96019,0.90475,0.96059,0.62936,1.19198,0.63921,1.465,0.007624,0.007624,0.007624
146,707.55,1.10451,0.74764,1.2772,0.97879,0.87205,0.94184,0.62117,1.21358,0.62809,1.49292,0.0076075,0.0076075,0.0076075
147,712.346,1.075,0.72998,1.27033,0.94384,0.90195,0.94579,0.61966,1.21791,0.65224,1.49229,0.007591,0.007591,0.007591
148,717.12,1.12164,0.76317,1.30396,0.97367,0.88608,0.95386,0.61994,1.17763,0.63914,1.46701,0.0075745,0.0075745,0.0075745
149,721.926,1.08812,0.72098,1.2658,0.98901,0.88745,0.95083,0.63222,1.19219,0.63552,1.48478,0.007558,0.007558,0.007558
150,726.733,1.06679,0.74282,1.25458,0.93675,0.90193,0.94974,0.62631,1.20309,0.66647,1.50579,0.0075415,0.0075415,0.0075415
151,731.565,1.0881,0.76649,1.26829,0.97686,0.89322,0.94424,0.63054,1.20892,0.65212,1.4972,0.007525,0.007525,0.007525
152,736.358,1.06868,0.72393,1.2773,0.94577,0.91001,0.95546,0.62676,1.20119,0.64471,1.48124,0.0075085,0.0075085,0.0075085
153,741.225,1.05893,0.72062,1.25637,0.94822,0.89416,0.95115,0.63221,1.16228,0.6475,1.45714,0.007492,0.007492,0.007492
154,746.049,1.0653,0.748,1.27009,0.93934,0.89247,0.94934,0.62318,1.19061,0.62776,1.47554,0.0074755,0.0074755,0.0074755
155,750.847,1.09066,0.75149,1.30118,0.99394,0.91259,0.94855,0.62511,1.21919,0.6361,1.4918,0.007459,0.007459,0.007459
156,755.657,1.0629,0.70694,1.24711,0.96339,0.89358,0.94961,0.63927,1.15768,0.64551,1.45492,0.0074425,0.0074425,0.0074425
157,760.5,1.06489,0.74373,1.25787,0.96682,0.90405,0.95708,0.63978,1.18319,0.65058,1.45792,0.007426,0.007426,0.007426
158,765.302,1.05635,0.73949,1.27038,0.95347,0.90875,0.95972,0.63967,1.18443,0.65136,1.46628,0.0074095,0.0074095,0.0074095
159,770.138,1.08578,0.73445,1.2844,0.98001,0.91273,0.95315,0.6285,1.22448,0.64187,1.50893,0.007393,0.007393,0.007393
160,774.949,1.07242,0.72561,1.27327,0.97955,0.89534,0.94791,0.61476,1.24176,0.66246,1.52948,0.0073765,0.0073765,0.0073765
161,779.765,1.05677,0.71077,1.24232,0.96277,0.92316,0.95397,0.63426,1.18025,0.62296,1.45281,0.00736,0.00736,0.00736
162,784.557,1.04746,0.69973,1.24136,0.96627,0.91985,0.95827,0.62988,1.19886,0.62001,1.46886,0.0073435,0.0073435,0.0073435
163,789.378,1.04406,0.71982,1.25386,0.98971,0.89822,0.94823,0.61387,1.19517,0.63482,1.47863,0.007327,0.007327,0.007327
164,794.183,1.02687,0.69361,1.2414,0.98159,0.88078,0.94773,0.60744,1.20664,0.6213,1.47385,0.0073105,0.0073105,0.0073105
165,799.015,1.03066,0.69199,1.22983,0.95094,0.90246,0.94932,0.63052,1.18082,0.63516,1.4642,0.007294,0.007294,0.007294
166,803.841,1.01988,0.68773,1.22125,0.94222,0.8984,0.94829,0.61449,1.205,0.65725,1.49069,0.0072775,0.0072775,0.0072775
167,808.672,1.05627,0.71973,1.25212,0.96837,0.89723,0.94822,0.63701,1.19273,0.63211,1.47935,0.007261,0.007261,0.007261
168,813.505,1.03082,0.68273,1.25183,0.96759,0.90787,0.94802,0.60391,1.24825,0.61792,1.51826,0.0072445,0.0072445,0.0072445
169,818.36,1.04273,0.70191,1.24749,0.9603,0.89519,0.95082,0.61806,1.22091,0.60037,1.49235,0.007228,0.007228,0.007228
170,823.181,1.04773,0.68527,1.24128,0.96938,0.89247,0.94902,0.62037,1.20954,0.6344,1.4726,0.0072115,0.0072115,0.0072115
171,828.01,1.04543,0.71433,1.24342,0.95839,0.89534,0.93394,0.61207,1.21516,0.62085,1.48224,0.007195,0.007195,0.007195
172,832.83,1.01707,0.6715,1.22759,0.95401,0.89822,0.95567,0.6249,1.17243,0.61227,1.46029,0.0071785,0.0071785,0.0071785
173,837.669,1.0409,0.69153,1.23851,0.93276,0.92166,0.94953,0.62198,1.19281,0.63857,1.47412,0.007162,0.007162,0.007162
174,842.515,1.03225,0.70307,1.2416,0.94869,0.91595,0.9462,0.60862,1.21598,0.62737,1.49974,0.0071455,0.0071455,0.0071455
175,847.32,1.03762,0.70434,1.24389,0.97762,0.89449,0.94829,0.63024,1.16978,0.62638,1.45664,0.007129,0.007129,0.007129
176,852.129,1.03565,0.68905,1.2366,0.96988,0.92151,0.96306,0.62853,1.21365,0.6077,1.48938,0.0071125,0.0071125,0.0071125
177,856.931,1.04247,0.70915,1.24946,0.96351,0.91041,0.95971,0.63022,1.19335,0.6192,1.47365,0.007096,0.007096,0.007096
178,861.749,1.01516,0.71253,1.24727,0.97415,0.8839,0.96313,0.64316,1.17345,0.59387,1.44552,0.0070795,0.0070795,0.0070795
179,866.595,1.02193,0.68405,1.22766,0.94876,0.90874,0.9555,0.6299,1.18527,0.6095,1.47505,0.007063,0.007063,0.007063
180,871.387,1.01532,0.68233,1.22697,0.95832,0.89309,0.95267,0.62209,1.20032,0.63164,1.48413,0.0070465,0.0070465,0.0070465
181,876.237,1.00901,0.66477,1.22435,0.91638,0.92401,0.94034,0.62063,1.18357,0.63638,1.46401,0.00703,0.00703,0.00703
182,881.038,1.03942,0.68827,1.24486,0.95383,0.90986,0.95128,0.63438,1.18659,0.60695,1.46349,0.0070135,0.0070135,0.0070135
183,885.86,1.02566,0.68122,1.24479,0.93939,0.9221,0.95526,0.62118,1.19775,0.60835,1.45922,0.006997,0.006997,0.006997
184,890.67,1.00284,0.6704,1.21978,0.90855,0.93028,0.94583,0.62009,1.17975,0.59886,1.46423,0.0069805,0.0069805,0.0069805
185,895.508,1.02589,0.71173,1.25136,0.95045,0.92151,0.96406,0.62944,1.18004,0.60872,1.46534,0.006964,0.006964,0.006964
186,900.321,1.00606,0.67926,1.22233,0.97086,0.89534,0.95702,0.64946,1.15755,0.5804,1.43963,0.0069475,0.0069475,0.0069475
187,905.158,0.9755,0.64743,1.21003,0.94172,0.91913,0.94781,0.62873,1.18328,0.59825,1.45345,0.006931,0.006931,0.006931
188,909.977,0.98272,0.66847,1.22253,0.95607,0.90709,0.95424,0.65197,1.16335,0.60812,1.46437,0.0069145,0.0069145,0.0069145
189,914.81,1.00296,0.65983,1.21157,0.95154,0.91795,0.95473,0.64152,1.14889,0.58793,1.4745,0.006898,0.006898,0.006898
190,919.62,0.99309,0.65357,1.20143,0.96059,0.8958,0.94813,0.61922,1.18365,0.61741,1.49399,0.0068815,0.0068815,0.0068815
191,924.436,1.02352,0.69597,1.22986,0.93982,0.90496,0.95126,0.64316,1.16026,0.59492,1.47444,0.006865,0.006865,0.006865
192,929.237,0.97515,0.65972,1.21596,0.93657,0.9183,0.94193,0.63888,1.1555,0.60288,1.444,0.0068485,0.0068485,0.0068485
193,934.048,0.98782,0.67236,1.20848,0.92936,0.90411,0.94916,0.62638,1.17986,0.61421,1.4702,0.006832,0.006832,0.006832
194,938.811,0.9973,0.66932,1.21694,0.96212,0.89851,0.94516,0.64062,1.15391,0.59025,1.44185,0.0068155,0.0068155,0.0068155
195,943.615,0.99485,0.67054,1.2277,0.95008,0.89837,0.95025,0.63318,1.18215,0.61354,1.46758,0.006799,0.006799,0.006799
196,948.393,0.98428,0.66023,1.21503,0.94781,0.90193,0.94473,0.62034,1.1846,0.6242,1.48253,0.0067825,0.0067825,0.0067825
197,953.178,0.9968,0.66663,1.2311,0.94664,0.92151,0.95155,0.6196,1.19654,0.62941,1.47793,0.006766,0.006766,0.006766
198,957.963,0.96459,0.64511,1.21046,0.97767,0.88959,0.94497,0.62034,1.16713,0.6013,1.44664,0.0067495,0.0067495,0.0067495
199,962.747,1.00232,0.66922,1.21315,0.93508,0.88718,0.93977,0.61446,1.15403,0.59162,1.44318,0.006733,0.006733,0.006733
200,967.502,0.98989,0.65949,1.21193,0.94265,0.90004,0.94445,0.61991,1.20712,0.6166,1.50407,0.0067165,0.0067165,0.0067165
201,972.308,0.98147,0.64106,1.20617,0.96623,0.89675,0.94683,0.62765,1.16028,0.59448,1.4611,0.0067,0.0067,0.0067
202,977.083,0.97876,0.65594,1.19788,0.9473,0.91471,0.94748,0.63146,1.16444,0.60643,1.4563,0.0066835,0.0066835,0.0066835
203,981.873,0.96689,0.65618,1.18932,0.98414,0.91773,0.95049,0.63911,1.16018,0.59821,1.45243,0.006667,0.006667,0.006667
204,986.64,0.9372,0.63864,1.19989,0.9742,0.90875,0.9478,0.63337,1.14781,0.59963,1.45424,0.0066505,0.0066505,0.0066505
205,991.44,0.95522,0.62509,1.1878,0.92158,0.93598,0.95376,0.62238,1.1782,0.6142,1.46359,0.006634,0.006634,0.006634
206,996.197,0.94432,0.64283,1.1897,0.94596,0.91653,0.9495,0.64108,1.13913,0.59639,1.42715,0.0066175,0.0066175,0.0066175
207,1000.99,0.94907,0.63037,1.18177,0.95716,0.90411,0.95424,0.64697,1.15875,0.60231,1.45593,0.006601,0.006601,0.006601
208,1005.79,0.93528,0.63169,1.17269,0.95966,0.89807,0.95554,0.62906,1.17113,0.62026,1.47878,0.0065845,0.0065845,0.0065845
209,1010.6,0.94797,0.63556,1.19239,0.94053,0.92074,0.95791,0.64578,1.15794,0.57791,1.45652,0.006568,0.006568,0.006568
210,1015.37,0.96264,0.65799,1.19438,0.95559,0.90358,0.95255,0.6284,1.17369,0.59422,1.46225,0.0065515,0.0065515,0.0065515
211,1020.13,0.9617,0.6201,1.19724,0.9434,0.91576,0.95761,0.63779,1.14309,0.59796,1.44914,0.006535,0.006535,0.006535
212,1024.89,0.9776,0.64709,1.20301,0.95038,0.90924,0.9533,0.64122,1.15418,0.59235,1.45113,0.0065185,0.0065185,0.0065185
213,1029.67,0.94222,0.6225,1.16643,0.95731,0.91273,0.95781,0.62025,1.18735,0.59553,1.47206,0.006502,0.006502,0.006502
214,1034.41,0.94103,0.62188,1.17639,0.94936,0.90396,0.95263,0.62255,1.17922,0.60571,1.4731,0.0064855,0.0064855,0.0064855
215,1039.17,0.94656,0.62363,1.2039,0.95805,0.8973,0.9454,0.62702,1.19268,0.60364,1.46566,0.006469,0.006469,0.006469
216,1043.94,0.93721,0.6287,1.18703,0.94185,0.89741,0.94776,0.65384,1.12162,0.58638,1.41454,0.0064525,0.0064525,0.0064525
217,1048.76,0.92354,0.61374,1.16633,0.97013,0.91208,0.95993,0.63844,1.15429,0.58881,1.45375,0.006436,0.006436,0.006436
218,1053.55,0.93945,0.61778,1.18453,0.96103,0.91351,0.96461,0.63564,1.14522,0.58887,1.43475,0.0064195,0.0064195,0.0064195
219,1058.31,0.92504,0.61603,1.1687,0.94834,0.9122,0.95012,0.63432,1.14911,0.59657,1.44762,0.006403,0.006403,0.006403
220,1063.1,0.92124,0.62665,1.17356,0.94769,0.90874,0.94914,0.63831,1.14143,0.58247,1.43781,0.0063865,0.0063865,0.0063865
221,1067.87,0.93757,0.60825,1.16977,0.95598,0.91734,0.95565,0.62623,1.16305,0.5865,1.45202,0.00637,0.00637,0.00637
222,1072.64,0.94572,0.63528,1.20176,0.94389,0.90246,0.94485,0.63443,1.15577,0.58204,1.44677,0.0063535,0.0063535,0.0063535
223,1077.39,0.95822,0.6465,1.19586,0.96258,0.89534,0.94018,0.62658,1.17013,0.60657,1.46426,0.006337,0.006337,0.006337
224,1082.12,0.95089,0.64246,1.19974,0.9437,0.91576,0.95051,0.6387,1.14958,0.60857,1.43317,0.0063205,0.0063205,0.0063205
225,1086.9,0.92505,0.60415,1.17095,0.95742,0.9122,0.946,0.63529,1.15154,0.58981,1.46463,0.006304,0.006304,0.006304
226,1091.71,0.93557,0.62962,1.18043,0.96439,0.90986,0.94539,0.62859,1.14703,0.58841,1.44529,0.0062875,0.0062875,0.0062875
227,1096.47,0.93527,0.63373,1.17594,0.96823,0.91345,0.95105,0.64032,1.15763,0.59943,1.45418,0.006271,0.006271,0.006271
228,1101.21,0.91795,0.60952,1.17738,0.95619,0.89247,0.95007,0.63964,1.16521,0.60972,1.46034,0.0062545,0.0062545,0.0062545
229,1105.96,0.90207,0.5988,1.17979,0.95897,0.90099,0.94117,0.63153,1.17997,0.58568,1.46271,0.006238,0.006238,0.006238
230,1110.7,0.93619,0.62627,1.17981,0.97318,0.9182,0.9602,0.63697,1.1775,0.6005,1.46336,0.0062215,0.0062215,0.0062215
231,1115.49,0.91999,0.59862,1.15214,0.9572,0.89098,0.93218,0.62377,1.16897,0.58397,1.44896,0.006205,0.006205,0.006205
232,1120.27,0.91674,0.59595,1.1529,0.93906,0.92837,0.95841,0.64218,1.15514,0.59939,1.45995,0.0061885,0.0061885,0.0061885
233,1125.05,0.9,0.59878,1.16617,0.95857,0.89927,0.94954,0.62026,1.15258,0.58518,1.4603,0.006172,0.006172,0.006172
234,1129.83,0.90553,0.59572,1.16324,0.95121,0.89846,0.94151,0.62503,1.16835,0.6145,1.46543,0.0061555,0.0061555,0.0061555
235,1134.58,0.93019,0.62083,1.19229,0.95744,0.90155,0.95292,0.6423,1.1392,0.59466,1.44393,0.006139,0.006139,0.006139
236,1139.32,0.93584,0.61334,1.17378,0.94656,0.89721,0.93926,0.64165,1.15378,0.57205,1.45095,0.0061225,0.0061225,0.0061225
237,1144.15,0.90063,0.60381,1.1573,0.9644,0.90411,0.94191,0.6392,1.16145,0.59123,1.44422,0.006106,0.006106,0.006106
238,1148.92,0.93164,0.61466,1.19121,0.96419,0.90319,0.94864,0.64555,1.16062,0.58697,1.47792,0.0060895,0.0060895,0.0060895
239,1153.71,0.89944,0.59582,1.1626,0.97653,0.90553,0.94977,0.65284,1.15055,0.56919,1.43866,0.006073,0.006073,0.006073
240,1158.48,0.89227,0.58912,1.16475,0.9502,0.89374,0.94636,0.64685,1.17462,0.60979,1.47378,0.0060565,0.0060565,0.0060565
241,1163.24,0.91489,0.60713,1.18041,0.95047,0.88563,0.93734,0.64831,1.14254,0.60817,1.4304,0.00604,0.00604,0.00604
242,1167.97,0.93309,0.61349,1.17075,0.96264,0.89247,0.95362,0.64237,1.14704,0.59296,1.45779,0.0060235,0.0060235,0.0060235
243,1172.78,0.8849,0.58967,1.15738,0.95541,0.88704,0.9443,0.629,1.14662,0.59393,1.4512,0.006007,0.006007,0.006007
244,1177.55,0.89837,0.59819,1.15519,0.96,0.9082,0.93757,0.63347,1.15431,0.59002,1.46383,0.0059905,0.0059905,0.0059905
245,1182.32,0.87821,0.58842,1.15419,0.96907,0.92151,0.94914,0.63579,1.15935,0.59574,1.4696,0.005974,0.005974,0.005974
246,1187.08,0.86687,0.57726,1.14036,0.97011,0.91681,0.95502,0.64056,1.14014,0.5849,1.43556,0.0059575,0.0059575,0.0059575
247,1191.87,0.89045,0.58598,1.14345,0.95344,0.89065,0.95135,0.65408,1.1316,0.59753,1.43003,0.005941,0.005941,0.005941
248,1196.63,0.88904,0.58511,1.16063,0.96478,0.90887,0.9533,0.64018,1.13801,0.58035,1.45833,0.0059245,0.0059245,0.0059245
249,1201.42,0.87981,0.58613,1.1531,0.98253,0.91604,0.95402,0.6344,1.14865,0.6009,1.45797,0.005908,0.005908,0.005908
250,1206.23,0.90081,0.58449,1.16009,0.9862,0.91713,0.9563,0.63505,1.15857,0.57494,1.47149,0.0058915,0.0058915,0.0058915
251,1211.03,0.89602,0.5937,1.16207,0.96584,0.9077,0.96054,0.65083,1.14395,0.56723,1.44356,0.005875,0.005875,0.005875
252,1215.77,0.89393,0.58306,1.1617,0.9611,0.91554,0.9597,0.65048,1.12277,0.57319,1.41748,0.0058585,0.0058585,0.0058585
253,1220.56,0.87528,0.58381,1.15886,0.96523,0.90735,0.95054,0.66341,1.13429,0.57873,1.43713,0.005842,0.005842,0.005842
254,1225.38,0.85295,0.56437,1.1305,0.9711,0.91824,0.95756,0.65412,1.13438,0.55654,1.44799,0.0058255,0.0058255,0.0058255
255,1230.14,0.87112,0.56626,1.15316,0.97556,0.92151,0.95435,0.64735,1.13918,0.5745,1.4586,0.005809,0.005809,0.005809
256,1234.86,0.87255,0.56579,1.13562,0.95603,0.90756,0.95209,0.65523,1.14089,0.58259,1.45648,0.0057925,0.0057925,0.0057925
257,1239.64,0.86854,0.57687,1.14327,0.94625,0.90704,0.93439,0.65201,1.11088,0.57684,1.43671,0.005776,0.005776,0.005776
258,1244.4,0.87258,0.57058,1.14059,0.95627,0.90344,0.95026,0.65263,1.1273,0.58259,1.43264,0.0057595,0.0057595,0.0057595
259,1249.18,0.87699,0.57304,1.15424,0.95791,0.90109,0.94409,0.64859,1.13797,0.57079,1.44857,0.005743,0.005743,0.005743
260,1253.92,0.88865,0.57211,1.15098,0.96831,0.91992,0.95456,0.66441,1.12753,0.5717,1.43517,0.0057265,0.0057265,0.0057265
261,1258.73,0.8779,0.58335,1.15976,0.96329,0.9143,0.945,0.64835,1.13689,0.59333,1.44464,0.00571,0.00571,0.00571
262,1263.52,0.86634,0.56529,1.14551,0.96832,0.88082,0.94228,0.65582,1.11823,0.57037,1.42443,0.0056935,0.0056935,0.0056935
263,1268.3,0.87724,0.5855,1.14552,0.96907,0.88687,0.95669,0.6467,1.13865,0.57939,1.43434,0.005677,0.005677,0.005677
264,1273.05,0.86448,0.56137,1.15852,0.96161,0.89549,0.94042,0.63641,1.1437,0.60197,1.45407,0.0056605,0.0056605,0.0056605
265,1277.86,0.87431,0.55503,1.13887,0.95754,0.89876,0.94534,0.63409,1.15705,0.58129,1.46308,0.005644,0.005644,0.005644
266,1282.63,0.87378,0.57595,1.14692,0.95367,0.9274,0.96276,0.63406,1.157,0.58363,1.46523,0.0056275,0.0056275,0.0056275
267,1287.41,0.8693,0.58152,1.15872,0.97702,0.93603,0.96106,0.64569,1.14351,0.57452,1.44135,0.005611,0.005611,0.005611
268,1292.15,0.85182,0.55703,1.13869,0.97873,0.93043,0.95659,0.64919,1.14272,0.5784,1.44403,0.0055945,0.0055945,0.0055945
269,1296.92,0.85662,0.56821,1.12567,0.97292,0.93043,0.95224,0.65561,1.14537,0.57169,1.43631,0.005578,0.005578,0.005578
270,1301.66,0.83709,0.56523,1.12557,0.95456,0.93179,0.95082,0.64167,1.14973,0.58057,1.45005,0.0055615,0.0055615,0.0055615
271,1306.46,0.8691,0.57438,1.13423,0.94693,0.93242,0.95413,0.64916,1.15062,0.57328,1.46102,0.005545,0.005545,0.005545
272,1311.22,0.83433,0.56918,1.12604,0.96003,0.90411,0.96043,0.64592,1.1487,0.56311,1.45754,0.0055285,0.0055285,0.0055285
273,1316,0.81586,0.52111,1.10975,0.93457,0.89623,0.93367,0.64033,1.14518,0.58201,1.44757,0.005512,0.005512,0.005512
274,1320.76,0.871,0.56774,1.16271,0.95592,0.91494,0.94108,0.65116,1.1428,0.56612,1.44941,0.0054955,0.0054955,0.0054955
275,1325.53,0.87227,0.58294,1.14796,0.93982,0.90411,0.92938,0.64798,1.13592,0.59715,1.45209,0.005479,0.005479,0.005479
276,1330.31,0.83485,0.55554,1.1277,0.95733,0.92151,0.95919,0.65946,1.11821,0.5807,1.42654,0.0054625,0.0054625,0.0054625
277,1335.11,0.86131,0.56034,1.15673,0.94852,0.89759,0.95028,0.65541,1.10277,0.56393,1.41068,0.005446,0.005446,0.005446
278,1339.85,0.87118,0.57868,1.14994,0.95524,0.91567,0.9612,0.66457,1.1048,0.57076,1.41582,0.0054295,0.0054295,0.0054295
279,1344.64,0.83624,0.57362,1.12459,0.95313,0.91881,0.95987,0.6587,1.11054,0.58161,1.42344,0.005413,0.005413,0.005413
280,1349.39,0.81757,0.54968,1.1091,0.9383,0.9235,0.94921,0.64782,1.13393,0.57131,1.43369,0.0053965,0.0053965,0.0053965
281,1354.23,0.83782,0.54746,1.12033,0.93862,0.90731,0.94931,0.65329,1.13985,0.58935,1.44988,0.00538,0.00538,0.00538
282,1358.99,0.8428,0.56162,1.12581,0.94949,0.89837,0.94662,0.65179,1.136,0.58193,1.44496,0.0053635,0.0053635,0.0053635
283,1363.77,0.80692,0.53746,1.1068,0.96578,0.90109,0.94708,0.65235,1.1218,0.58043,1.42061,0.005347,0.005347,0.005347
284,1368.5,0.85596,0.5571,1.15057,0.97818,0.91273,0.95604,0.64938,1.12068,0.58258,1.42149,0.0053305,0.0053305,0.0053305
285,1373.31,0.83417,0.54604,1.12236,0.96586,0.91289,0.96023,0.64939,1.12851,0.56918,1.43616,0.005314,0.005314,0.005314
286,1378.1,0.8219,0.53217,1.10163,0.9806,0.90714,0.96441,0.64827,1.11973,0.55915,1.44139,0.0052975,0.0052975,0.0052975
287,1382.88,0.83248,0.55158,1.13447,0.96448,0.92244,0.95932,0.64774,1.12789,0.55939,1.4349,0.005281,0.005281,0.005281
288,1387.64,0.83102,0.54608,1.12027,0.96952,0.92438,0.96794,0.65988,1.10835,0.5582,1.42142,0.0052645,0.0052645,0.0052645
289,1392.46,0.82706,0.54064,1.12124,0.95359,0.91766,0.95112,0.66449,1.11757,0.56026,1.41849,0.005248,0.005248,0.005248
290,1397.22,0.83817,0.55654,1.1328,0.95919,0.91116,0.94352,0.6577,1.11152,0.56171,1.41174,0.0052315,0.0052315,0.0052315
291,1402,0.80893,0.5423,1.10112,0.93786,0.90596,0.93841,0.65731,1.12141,0.58034,1.41039,0.005215,0.005215,0.005215
292,1406.78,0.81871,0.53849,1.11929,0.9418,0.88657,0.9454,0.65498,1.11364,0.56126,1.41653,0.0051985,0.0051985,0.0051985
293,1411.6,0.80005,0.53366,1.08814,0.96482,0.91128,0.95018,0.65219,1.11481,0.56204,1.41121,0.005182,0.005182,0.005182
294,1416.38,0.82715,0.54117,1.10833,0.95505,0.90813,0.94554,0.66546,1.09608,0.55775,1.41164,0.0051655,0.0051655,0.0051655
295,1421.15,0.8271,0.5402,1.11806,0.94405,0.90665,0.9515,0.65629,1.11598,0.57931,1.42198,0.005149,0.005149,0.005149
296,1425.89,0.8296,0.54516,1.12636,0.96669,0.92979,0.96554,0.6691,1.11463,0.55218,1.41605,0.0051325,0.0051325,0.0051325
297,1430.67,0.81634,0.52345,1.09672,0.95337,0.92212,0.96126,0.66492,1.11695,0.56738,1.43062,0.005116,0.005116,0.005116
298,1435.45,0.85015,0.55383,1.12866,0.94674,0.90233,0.93799,0.65739,1.11543,0.56559,1.42201,0.0050995,0.0050995,0.0050995
299,1440.18,0.83021,0.53999,1.12822,0.95344,0.91576,0.9553,0.65648,1.12659,0.54404,1.43056,0.005083,0.005083,0.005083
300,1444.94,0.8194,0.55176,1.1329,0.94236,0.93584,0.95273,0.65878,1.11813,0.54791,1.42502,0.0050665,0.0050665,0.0050665
301,1449.76,0.80107,0.53423,1.09858,0.9426,0.94256,0.97207,0.66864,1.10603,0.5427,1.42614,0.00505,0.00505,0.00505
302,1454.54,0.824,0.56139,1.12148,0.94345,0.92725,0.95686,0.67256,1.09396,0.53611,1.4242,0.0050335,0.0050335,0.0050335
303,1459.32,0.80248,0.53091,1.11376,0.95525,0.92562,0.96049,0.67681,1.10112,0.53666,1.4277,0.005017,0.005017,0.005017
304,1464.1,0.8184,0.5469,1.11576,0.97657,0.92503,0.96615,0.65884,1.12406,0.54341,1.4493,0.0050005,0.0050005,0.0050005
305,1468.88,0.80352,0.52587,1.10235,0.94748,0.90986,0.94894,0.66195,1.12049,0.56392,1.44271,0.004984,0.004984,0.004984
306,1473.65,0.78734,0.52593,1.11262,0.94754,0.90986,0.94423,0.66515,1.10558,0.56779,1.42699,0.0049675,0.0049675,0.0049675
307,1478.42,0.80395,0.52707,1.09979,0.95966,0.89564,0.94492,0.65569,1.11252,0.56251,1.426,0.004951,0.004951,0.004951
308,1483.17,0.8244,0.54238,1.11485,0.95607,0.90789,0.94333,0.65109,1.13642,0.56727,1.45597,0.0049345,0.0049345,0.0049345
309,1487.97,0.82497,0.54924,1.11745,0.95994,0.89935,0.95152,0.65737,1.12075,0.5814,1.44948,0.004918,0.004918,0.004918
310,1492.73,0.80435,0.52898,1.11471,0.95989,0.90625,0.94726,0.65896,1.1052,0.54552,1.41863,0.0049015,0.0049015,0.0049015
311,1497.53,0.80945,0.52863,1.09843,0.95987,0.90396,0.95287,0.66235,1.12916,0.56058,1.44058,0.004885,0.004885,0.004885
312,1502.28,0.80119,0.53299,1.12215,0.93229,0.92136,0.95201,0.66086,1.10234,0.5616,1.39408,0.0048685,0.0048685,0.0048685
313,1507.03,0.8044,0.53457,1.11495,0.94814,0.90699,0.94328,0.66174,1.08969,0.56168,1.39525,0.004852,0.004852,0.004852
314,1511.79,0.80248,0.52427,1.10442,0.96131,0.89262,0.93595,0.65371,1.10417,0.56537,1.40795,0.0048355,0.0048355,0.0048355
315,1516.56,0.78185,0.51657,1.10307,0.96526,0.90408,0.94617,0.65512,1.10585,0.55699,1.42413,0.004819,0.004819,0.004819
316,1521.32,0.7937,0.53317,1.11188,0.96699,0.90409,0.94106,0.6621,1.07584,0.55426,1.40362,0.0048025,0.0048025,0.0048025
317,1526.06,0.78865,0.52833,1.11303,0.94163,0.89914,0.9451,0.66777,1.07724,0.5525,1.40159,0.004786,0.004786,0.004786
318,1530.84,0.79901,0.52908,1.10209,0.95219,0.91299,0.94891,0.66974,1.0774,0.5351,1.38435,0.0047695,0.0047695,0.0047695
319,1535.64,0.78833,0.54569,1.10014,0.96331,0.92358,0.94996,0.67258,1.08012,0.54002,1.38526,0.004753,0.004753,0.004753
320,1540.4,0.79786,0.53521,1.11375,0.97869,0.92745,0.95621,0.65413,1.09655,0.55595,1.40434,0.0047365,0.0047365,0.0047365
321,1545.16,0.81452,0.53522,1.11636,0.97606,0.92151,0.95172,0.6569,1.09924,0.55331,1.41215,0.00472,0.00472,0.00472
322,1549.93,0.78648,0.52315,1.10622,0.96274,0.90986,0.93732,0.65283,1.10972,0.55484,1.41712,0.0047035,0.0047035,0.0047035
323,1554.68,0.7725,0.51677,1.10045,0.96072,0.92151,0.95049,0.65843,1.12016,0.56458,1.43423,0.004687,0.004687,0.004687
324,1559.44,0.78136,0.5148,1.09344,0.96139,0.92384,0.9567,0.66701,1.11138,0.56545,1.43332,0.0046705,0.0046705,0.0046705
325,1564.2,0.77915,0.50678,1.09353,0.95892,0.91289,0.95036,0.6655,1.10483,0.56635,1.42448,0.004654,0.004654,0.004654
326,1568.95,0.78912,0.52166,1.09621,0.9637,0.92865,0.97219,0.66743,1.09808,0.55011,1.43377,0.0046375,0.0046375,0.0046375
327,1573.71,0.77352,0.50785,1.09895,0.9786,0.90298,0.96364,0.66975,1.10222,0.54625,1.42347,0.004621,0.004621,0.004621
328,1578.47,0.78299,0.52223,1.09063,0.98233,0.91826,0.96294,0.67169,1.09149,0.53966,1.40807,0.0046045,0.0046045,0.0046045
329,1583.26,0.76238,0.51663,1.08845,0.95575,0.93265,0.95879,0.6699,1.0931,0.5409,1.42187,0.004588,0.004588,0.004588
330,1588.04,0.74753,0.48903,1.06936,0.95919,0.90619,0.94919,0.66546,1.10897,0.54185,1.44657,0.0045715,0.0045715,0.0045715
331,1592.82,0.76712,0.50667,1.0798,0.94597,0.93482,0.96137,0.66473,1.1207,0.55591,1.44962,0.004555,0.004555,0.004555
332,1597.58,0.78341,0.52283,1.09214,0.96353,0.90768,0.96084,0.66295,1.1248,0.5618,1.45253,0.0045385,0.0045385,0.0045385
333,1602.37,0.77549,0.50116,1.09751,0.96138,0.90925,0.94502,0.67009,1.09804,0.55049,1.42611,0.004522,0.004522,0.004522
334,1607.15,0.7797,0.50721,1.09558,0.9521,0.91518,0.95489,0.66594,1.09434,0.542,1.4138,0.0045055,0.0045055,0.0045055
335,1611.93,0.77985,0.51341,1.09039,0.96179,0.92129,0.96312,0.66074,1.10071,0.54858,1.44047,0.004489,0.004489,0.004489
336,1616.7,0.75822,0.50473,1.08843,0.96113,0.91171,0.94765,0.66794,1.07695,0.54883,1.40445,0.0044725,0.0044725,0.0044725
337,1621.51,0.76146,0.50421,1.08427,0.95462,0.93028,0.94663,0.66356,1.07764,0.54478,1.38504,0.004456,0.004456,0.004456
338,1626.27,0.79246,0.52228,1.11543,0.93424,0.92078,0.94867,0.67386,1.07056,0.53739,1.38915,0.0044395,0.0044395,0.0044395
339,1631.05,0.75028,0.521,1.08036,0.96086,0.93022,0.96127,0.66684,1.09576,0.53378,1.42402,0.004423,0.004423,0.004423
340,1635.8,0.77164,0.51204,1.09632,0.98755,0.90703,0.95333,0.66431,1.09202,0.54265,1.42099,0.0044065,0.0044065,0.0044065
341,1640.56,0.77443,0.51115,1.09721,0.96949,0.9144,0.96067,0.67009,1.08785,0.54935,1.41376,0.00439,0.00439,0.00439
342,1645.31,0.74782,0.49557,1.06923,0.98032,0.91414,0.96196,0.67211,1.08486,0.5465,1.41545,0.0043735,0.0043735,0.0043735
343,1650.09,0.77947,0.52225,1.09381,0.97742,0.91525,0.95005,0.66222,1.09292,0.55652,1.41209,0.004357,0.004357,0.004357
344,1654.83,0.75858,0.51434,1.10068,0.94869,0.93314,0.95037,0.66361,1.082,0.54972,1.39009,0.0043405,0.0043405,0.0043405
345,1659.63,0.7764,0.4964,1.09161,0.94209,0.92051,0.94635,0.66169,1.09603,0.55452,1.40125,0.004324,0.004324,0.004324
346,1664.4,0.74225,0.50358,1.07562,0.95529,0.90986,0.94531,0.65371,1.11165,0.54768,1.42264,0.0043075,0.0043075,0.0043075
347,1669.18,0.78553,0.50234,1.09943,0.95664,0.91075,0.95125,0.66073,1.10898,0.53526,1.42098,0.004291,0.004291,0.004291
348,1673.94,0.77051,0.5125,1.08936,0.97046,0.91289,0.94752,0.65432,1.089,0.53025,1.40333,0.0042745,0.0042745,0.0042745
349,1678.7,0.77172,0.51891,1.09554,0.97004,0.91898,0.94932,0.66106,1.08662,0.55687,1.39904,0.004258,0.004258,0.004258
350,1683.45,0.73884,0.4812,1.07073,0.95991,0.91175,0.94763,0.66781,1.07588,0.54994,1.38974,0.0042415,0.0042415,0.0042415
351,1688.21,0.74709,0.50533,1.07917,0.95724,0.91576,0.95782,0.67005,1.07985,0.53728,1.39156,0.004225,0.004225,0.004225
352,1692.96,0.72976,0.48386,1.07128,0.96409,0.90005,0.95303,0.67265,1.0614,0.54037,1.38837,0.0042085,0.0042085,0.0042085
353,1697.73,0.74344,0.4784,1.0713,0.95887,0.90374,0.94605,0.66238,1.06682,0.55799,1.3897,0.004192,0.004192,0.004192
